Motif_Identifier	GO_Term_Identifier	GOMo_Score	p-value	q-value
YDRCCASYAGRKGGCRS	GO:0016020	1.401e-03	8.479e-08	9.452e-04
YDRCCASYAGRKGGCRS	GO:0031256	3.030e-03	1.611e-06	8.980e-03
YDRCCASYAGRKGGCRS	GO:0005575	3.829e-03	3.052e-06	1.134e-02
YDRCCASYAGRKGGCRS	GO:0005783	4.475e-03	4.663e-06	1.300e-02
YDRCCASYAGRKGGCRS	GO:0005737	4.819e-03	5.850e-06	1.304e-02
YDRCCASYAGRKGGCRS	GO:0030955	5.764e-03	9.496e-06	1.764e-02
YDRCCASYAGRKGGCRS	GO:0048878	6.235e-03	1.153e-05	1.836e-02
YDRCCASYAGRKGGCRS	GO:0044425	7.097e-03	1.552e-05	2.162e-02
YDRCCASYAGRKGGCRS	GO:0008324	8.020e-03	2.111e-05	2.615e-02
YDRCCASYAGRKGGCRS	GO:0031226	9.301e-03	3.129e-05	2.883e-02
YDRCCASYAGRKGGCRS	GO:0022891	9.386e-03	3.180e-05	2.883e-02
YDRCCASYAGRKGGCRS	GO:0031420	9.913e-03	3.612e-05	2.883e-02
YDRCCASYAGRKGGCRS	GO:0006810	1.004e-02	3.731e-05	2.883e-02
YDRCCASYAGRKGGCRS	GO:0022857	1.035e-02	4.011e-05	2.883e-02
YDRCCASYAGRKGGCRS	GO:0005576	1.042e-02	4.129e-05	2.883e-02
YDRCCASYAGRKGGCRS	GO:0045777	1.046e-02	4.138e-05	2.883e-02
YDRCCASYAGRKGGCRS	GO:0070482	1.122e-02	5.198e-05	3.115e-02
YDRCCASYAGRKGGCRS	GO:0051234	1.135e-02	5.333e-05	3.115e-02
YDRCCASYAGRKGGCRS	GO:0044444	1.163e-02	5.613e-05	3.115e-02
YDRCCASYAGRKGGCRS	GO:0005887	1.185e-02	5.901e-05	3.115e-02
YDRCCASYAGRKGGCRS	GO:0000160	1.197e-02	6.062e-05	3.115e-02
YDRCCASYAGRKGGCRS	GO:0007618	1.209e-02	6.190e-05	3.115e-02
YDRCCASYAGRKGGCRS	GO:0031224	1.223e-02	6.427e-05	3.115e-02
YDRCCASYAGRKGGCRS	GO:0042803	1.245e-02	6.792e-05	3.145e-02
YDRCCASYAGRKGGCRS	GO:0022892	1.264e-02	7.165e-05	3.145e-02
YDRCCASYAGRKGGCRS	GO:0044459	1.271e-02	7.334e-05	3.145e-02
YDRCCASYAGRKGGCRS	GO:0017153	1.363e-02	8.750e-05	3.613e-02
YDRCCASYAGRKGGCRS	GO:0001666	1.384e-02	9.166e-05	3.649e-02
YDRCCASYAGRKGGCRS	GO:0006813	1.417e-02	9.793e-05	3.765e-02
YDRCCASYAGRKGGCRS	GO:0005215	1.536e-02	1.257e-04	4.443e-02
YDRCCASYAGRKGGCRS	GO:0019098	1.543e-02	1.269e-04	4.443e-02
YDRCCASYAGRKGGCRS	GO:0046923	1.545e-02	1.275e-04	4.443e-02

# GOMo (Gene Ontology for Motifs): Version 5.4.1 compiled on Aug 25 2021 at 17:37:45
# The format of this file is described at https://meme-suite.org/meme/doc/gomo-output-format.html.
# gomo --nostatus --verbosity 1 --oc . --t 0.05 --shuffle_scores 1000 --dag db/go.dag --motifs motifs.meme db/mammal_homo_sapiens_1000_199.na.csv mammal_homo_sapiens_1000_199.na.cisml mammal_mus_musculus_1000_199.na.cisml mammal_canis_familiaris_1000_199.na.cisml mammal_equus_caballus_1000_199.na.cisml
